scope,variant,sample_count,fake_recall,mean_fake_prob,mean_probability_delta,recall_retention
all,original,8000,0.595375,0.5908788074940676,0.0,1.0
all,jpeg75,8000,0.099125,0.17494345652416815,-0.4159353509698994,0.1664917069074113
all,jpeg50,8000,0.023375,0.11638709435111377,-0.4744917131429538,0.03926096997690531
all,resize50,8000,0.82125,0.7628102423311212,0.17193143483705353,1.3793827419693472
all,screenshot,8000,0.243875,0.297814598395722,-0.2930642090983456,0.40961578836867524
