platform,count,real_count,fake_count,accuracy,macro_f1,roc_auc,real_recall,fake_recall
facebook,5000,500,4500,0.9264,0.8428248340862365,0.9928542222222222,0.986,0.9197777777777778
wechat,5000,500,4500,0.925,0.8401337044959774,0.9928946666666667,0.982,0.9186666666666666
weibo,5000,500,4500,0.926,0.8423631686741362,0.9930386666666666,0.988,0.9191111111111111
