scope,variant,sample_count,fake_recall,mean_fake_prob,mean_probability_delta,recall_retention
all,original,8000,0.5955,0.5909168859852943,0.0,1.0
all,facebook,8000,0.21675,0.27474576873832846,-0.3161711172469659,0.3639798488664987
all,wechat,8000,0.481875,0.49517520775739104,-0.09574167822790332,0.8091939546599496
all,weibo,8000,0.475125,0.49187317920220086,-0.09904370678309352,0.7978589420654911
